順位,サイト名,記事タイトル,URL,スニペット,"本文(H2-4,P,Li,Blockquote,最大5万文字)"
1,it-trend.jp,派遣社員の教育訓練とは？eラーニングシステム活用で人材育成を ...,https://it-trend.jp/e_learning/article/54-0049,2025/10/23 ... フルタイムかつ1年以上の雇用見込みがある派遣労働者には、年に8時間以上の教育訓練を提供しなければならない。ただし、4年目以降であれば時間数を自由に ...,"法人向けIT製品比較サイト認知度・利用経験率No.1資料請求リスト0件無料資料請求フォームへホーム

製品を探す

ランキングから探す

記事を読む

はじめての方へ

掲載についてITトレンドへの掲載

動画でリード獲得

イベントでリード獲得

動画で学ぶ

2025年10月23日 最終更新

改正労働者派遣法に伴って、人材派遣会社には派遣社員への教育訓練の機会提供が義務付けられています。しかし、具体的にどうやって教育体制を導入すればいいのか迷われている企業も多いでしょう。

この記事では派遣法改正の概要から教育訓練の具体的内容を解説するとともに、導入手順や注意点についても紹介します。関連製品の一括資料請求も可能なため、製品をじっくり検討したい方はぜひご利用ください。

eラーニングの製品をまとめて資料請求！＼ 先月は3,000人以上の方が資料請求しました ／eラーニングの製品をまとめて資料請求！＼ 無料でプロに相談！／プロに相談（無料）する！目次派遣法改正により派遣スタッフの教育訓練が義務化2015年９月の派遣法改正に伴い、派遣元は雇用するすべての派遣社員に対し、段階的な教育訓練を実施することが義務付けられています。なお、2020年４月の派遣法改正では、これまで配慮義務だった「派遣先企業」での教育訓練も義務付けられました。ここでは、派遣法改正の概要について詳しく見ていきましょう。

派遣労働者の待遇改善のために施行

派遣法は、2015年９月30日に大幅に改正されています。目的は、正規労働者と派遣労働者の間にある待遇の差を埋めることです。派遣元と派遣先の両方において、格差是正措置が強化されました。

具体的な改正項目は以下のとおりです。

■派遣期間規制を変更

■均衡待遇確保のための措置を強化

■雇用安定措置を義務化

■派遣労働者のキャリアアップ推進を義務化

■労働者派遣事業を許可制へ変更

教育訓練の体制整備が必要

改正項目の一つ「派遣労働者のキャリアアップ推進を義務化」により、人材派遣会社（派遣元企業）には教育訓練の体制整備が必要になりました。

人材派遣会社（派遣元企業）は、派遣社員の希望をヒアリングして、キャリア形成を支援する必要があります。正社員を目指したい人もいれば、派遣社員のままキャリアアップしたい人もいるでしょう。本人が描くキャリアパスにもとづいた派遣先の選定や、資格取得支援などが求められます。

参考：平成27年労働者派遣法改正法の概要｜厚生労働省

派遣先企業が行うべき教育訓練

派遣社員の教育訓練は人材派遣会社（派遣元企業）のみではなく、派遣先企業も行う必要があります。派遣先企業が行うべき教育訓練は、「業務に必要なスキルの教育」と「人材派遣会社（派遣元企業）における均衡待遇確保への協力」です。それぞれの教育訓練について詳しく解説します。

業務に必要なスキルの教育

派遣先企業は人材派遣会社（派遣元企業）の求めに応じて、派遣スタッフが業務の遂行に必要な能力を習得できるよう教育訓練の実施が必要です。また、教育訓練は派遣社員向けに別の訓練を行うのではなく、自社の従業員と同様の訓練を実施することとされています。

参考：労働者派遣事業の適正な運営の確保及び派遣労働者の保護等に関する法律 | e-Gov法令検索

人材派遣会社（派遣元企業）における均衡待遇確保への協力

人材派遣会社（派遣元企業）は、派遣スタッフの均衡待遇を確保するために教育訓練やキャリアコンサルティングなど、適切な措置を講じる必要があります。派遣先企業は、派遣スタッフの情報や業務遂行状況を報告するなど、派遣元の求めに応じてこれらの措置へ協力するよう務めることとされています。派遣先企業が直接行う教育ではありませんが、努力義務として覚えておくとよいでしょう。

参考：派遣先の講ずべき措置は・・・ | 厚生労働省

人材派遣会社（派遣元企業）が行うべき教育訓練の規定事項

ここからは、人材派遣会社（派遣元企業）が実施すべき教育訓練について解説します。派遣法で人材派遣会社に定められているのは、キャリア形成を目的とした教育訓練計画の策定を行い、規定の時間・頻度・時間数で教育訓練を行うことの２点です。それぞれの規定について詳しく解説します。

キャリア形成を目的とした教育訓練計画の策定

人材派遣会社（派遣元企業）は、派遣社員のキャリア形成を目的とした教育訓練計画を策定しなければなりません。改正派遣法で定められた教育訓練の要件は以下のとおりです。

■すべての派遣労働者を対象とする

■有給かつ無償で行われる

■派遣労働者のキャリアアップに資する内容

■入職時の教育訓練も含む

■無期雇用派遣労働者に対する教育訓練は長期的なキャリア形成を念頭に置く

また、人によって正社員雇用を目指すのか、派遣社員のままキャリアアップをしたいのかなど、希望するキャリア形成は違います。派遣社員自身の希望を尊重したうえでキャリアコンサルティングを行うようにしましょう。

時期・頻度・時間数等の厳守

教育訓練の時期・頻度・時間数についても定めがあります。

参考：キャリア形成支援制度について｜厚生労働省

キャリアアップ教育訓練に求められている訓練内容

キャリアアップ教育訓練は、派遣社員のキャリアアップにつながる訓練内容を、段階的かつ体系的に実施することが求められます。つまり、初級・中級・上級などステップアップしていける訓練環境が必要です。

具体的には、下記の４種の訓練を行う必要があります。

以上が、キャリアアップ教育訓練に求められている内容です。

派遣法改正に伴う教育訓練の導入手順

教育訓練の導入は、以下のような流れで行うとよいでしょう。

それぞれの手順について詳しく解説します。

１．現状の把握・分析

教育訓練は、派遣社員のキャリアアップに役立つものでなければならないため、まずは派遣社員の現状の課題や問題点を把握しましょう。そのうえで本人のキャリア志向や派遣先の要望などを整理します。現状を把握せずに目標や教育計画を決めてしまうと、形骸化する可能性が高いので、現状の把握・分析は重要です。

２．目的・目標の明確化

派遣社員の解決すべき問題を明らかにした後は、問題解決のために何を身につけるべきかを明確にします。具体的な目標は派遣社員によって異なるため、業種や勤務年数などさまざまな要素を考慮したうえで、段階的・体系的な教育訓練計画を立てましょう。

３．教育訓練計画を策定する

訓練内容や実施時間、評価基準、フィードバックの方法や頻度など、具体的な訓練計画を定めます。具体的な教育訓練計画を策定する際には、派遣社員のキャリアアップにつながる内容か、段階的・体系的であるか、規定事項に沿っているかなどを確かめながら教育プログラムを立てていきましょう。

４．教育訓練の実施方法検討とシステム選定

教育訓練計画の策定ができたら、どのような方法で派遣社員へ教育訓練を行うか検討しましょう。教育訓練の実施方法の具体例は、以下のとおりです。

●社内での教育講座

●外部スクールと提携した教育講座

●eラーニングによる自主学習の提供

●派遣先企業でのOJT

また、実施方法によって必要になるツールも変わってきます。オンライン研修ならWeb会議システムの活用、アーカイブ型の自主学習であればeラーニングシステムなどの導入を検討するのもよいでしょう。

最近では、時間と場所を問わずに教育訓練の提供ができるeラーニングが注目を集めています。eラーニングは学習コンテンツの作成・提供や学習進捗の管理が簡単にできるため、教育訓練の効率化が可能です。

以下のボタンから、ITトレンドがおすすめするeラーニングシステムの資料請求ができます。eラーニングシステムを活用した教育訓練を検討したい方は、ぜひご活用ください。

「自社に合う製品を診断してから資料請求したい」、「どんな観点で選べばいいかわからない」という方向けの診断ページもあります。ITトレンドで過去にeラーニングシステム（LMS）を資料請求した方のお悩みや要望から作成した簡単な質問に答えるだけで、最適なシステムを案内します。無料で今すぐ利用できますので、下のリンクから診断を開始してください。▶eラーニングシステム（LMS） おすすめ比較・無料診断

教育訓練の実施形式

派遣社員教育訓練の実施形式はさまざまです。代表的な教育形式は以下のとおりです。メリット・デメリットを理解したうえで最適な形式を採り入れましょう。

●集合研修

●OJT

●eラーニング

それぞれの実施形式について詳しく解説します。

集合研修

学校での一般的な授業と同じように、受講者を集めて講師が講義する方法です。最近ではオンラインによる集合研修も増えています。

■受講者のモチベーションアップを期待できる

■内部で完結する内容であれば低コストで済む

■講師が受講者の学習状況を把握しやすい

■１度にまとめて多くの受講者を教育できる

■受講者の疑問をその場で解決しやすい

■実践的な訓練も導入しやすい

■会場や講師の手配にコストがかかる

■時間の制限がある

■受講者のスケジュール調整が難しい

■受講者ごとに適した教育を提供しにくい

OJT

OJT（On the Job Training）とは、実際の仕事を体験させながら技能を身につける形式の訓練です。スキルアップや知識の習得を目的とし、OJT担当者が実務を通じて指導にあたります。

必要に応じて、派遣先企業でOJTが行われる場合もありますが、体系的な訓練としてはあまり実施されていません。したがって、人材派遣会社（派遣元企業）は、派遣先の協力を仰ぎ、より計画的なOJTを実施する必要があります。

■実践的な技能を習得できる

■派遣先の協力があれば低コストで済む

■派遣先でのキャリアアップに直結しやすい

■派遣先の協力を得るのに手間がかかる

■派遣先の主導となるため、計画的な実施や管理が難しい

■派遣先から費用を要求されると高コスト

eラーニング

eラーニング（electronic learning）とは、PCやスマートフォンなどのデジタル機器を利用し、インターネットを通じて学習や教育研修を行う形態のことです。eラーニングでは動画のコンテンツを視聴し、知識を身につけます。

■時間や場所を選ばずに学習できる

■それぞれに適した教育内容を提供しやすい

■一度体制を構築してしまえば低コストで済む

■学習の記録を残せるため、学習者の進捗状況などを管理しやすい

■ITシステムの扱いに不慣れな人にはサポートが必要

■一方通行であるため学習者が受け身になりやすい

■不向きな領域（実技を伴う研修など）もある

またeラーニングを実施するには、eラーニングシステムで管理するのが一般的です。eラーニングシステムには、教材の配布機能や学習管理機能、フィードバック機能やコミュニケーション機能などが搭載されており、eラーニングの運営を効率的に管理できます。

eラーニングシステムに興味がある、eラーニングシステムについて知りたいという方は、以下のボタンから最新ランキングを確認できます。問い合わせが多い人気製品を紹介しているので、傾向の把握や比較検討にも役立ててください。

【2025年11月版】 eラーニング

の資料請求ランキング

教育訓練を実施する際の注意点教育訓練を行う際にはどのようなことに注意すればよいのでしょうか。訓練を実施する前に留意すべきことを解説します。

改正派遣労働法の目的に沿った内容であること

改正派遣労働法の目的である、派遣スタッフのキャリア教育、業務の遂行に必要な能力を身につけるためのカリキュラムにて教育訓練を実施しなければなりません。名目上は教育訓練としているが無関係な内容であるなど、不適切な場合は教育訓練を実施したとみなされない恐れもあるため注意が必要です。

教育訓練内容は事前告知する

2021年に改定された労働者派遣法では、派遣社員へ教育訓練の内容を説明するよう定められています。また、派遣社員の同意も必要なため、教育訓練の詳細をわかりやすくまとめておき、スムーズに同意が得られるようにしましょう。

参考：派遣労働者の雇入れ時に説明する事項の追加｜厚生労働省

派遣社員への教育訓練は適切に実施しよう

派遣法の改正により、人材派遣会社（派遣元企業）には派遣社員に対する教育訓練が義務付けられています。派遣社員の意向を踏まえ、キャリアアップに向けた適切な訓練を実施しましょう。

また、教育訓練の実施形式として、時間や場所を問わず学習できる「eラーニング」を採用する企業が増えています。eラーニングで教育訓練を行う場合には、eラーニングの運営を効率的に管理できる「eラーニングシステム」の導入もおすすめです。

eラーニングシステムの比較をしたい場合や導入を検討する際には、以下のボタンより資料請求をしてみましょう。社内検討の際にも活用できる比較表作成特典もあるので、役立ててください。

eラーニングの製品をまとめて資料請求！＼ 先月は3,000人以上の方が資料請求しました ／eラーニングの製品をまとめて資料請求！＼ 無料でプロに相談！／プロに相談（無料）する！eラーニングシステム（LMS）人気ランキング | 今週のランキング第1位は？新NISAに関する実態調査アンケートアンケート回答者の中から毎月抽選で10名様に

Amazonギフトカード1,000円分が当たる！

ITトレンドMoneyみんなのおサイフ事情では

「新NISAに関する実態調査」をしております。

ぜひご協力ください。

このコンテンツの執筆者

ITトレンド 編集部

経歴・実績

ITトレンドはイノベーションが2007年より運営している法人向けIT製品の比較・資料請求サイトです。累計訪問者数2,000万人以上、3,750製品以上を掲載しています。ITトレンド編集部では、読者がIT製品・サービスを比較検討する際に役立つ情報や、システムを活用した社内の課題解決のヒントになる情報を記事にして日々発信しています。

このカテゴリーに関連する記事

facebookに投稿するXでtweetするこのエントリーをはてなブックマークに追加するpocketで後で読む 目次カテゴリー関連製品・サービスまとめて資料請求SAKU-SAKU Testing株式会社イー・コミュニケーションズ☆☆☆☆☆★★★★★★★★★★4.325件リストに追加LOGOSWARE Xeロゴスウェア株式会社☆☆☆☆☆★★★★★★★★★★0.00件リストに追加Smart Boarding株式会社FCE☆☆☆☆☆★★★★★★★★★★4.517件リストに追加LearnOMogic株式会社☆☆☆☆☆★★★★★★★★★★0.00件リストに追加etudes（エチュード）アルー株式会社☆☆☆☆☆★★★★★★★★★★3.97件リストに追加Schoo for Business株式会社Schoo☆☆☆☆☆★★★★★★★★★★4.049件リストに追加「サクテス学びホーダイ」株式会社イー・コミュニケーションズ☆☆☆☆☆★★★★★★★★★★0.00件リストに追加ELTMAP（エルマップ）株式会社アーティスソリューションズ☆☆☆☆☆★★★★★★★★★★0.00件リストに追加タレントパレット株式会社プラスアルファ・コンサルティング 東証プライム上場☆☆☆☆☆★★★★★★★★★★3.7523件リストに追加HRBrainラーニング株式会社HRBrain☆☆☆☆☆★★★★★★★★★★3.9137件リストに追加AirCourseKIYOラーニング株式会社☆☆☆☆☆★★★★★★★★★★4.139件リストに追加CAREERSHIP株式会社ライトワークス☆☆☆☆☆★★★★★★★★★★0.00件リストに追加資格講座STUDYingKIYOラーニング株式会社☆☆☆☆☆★★★★★★★★★★4.52件リストに追加カオナビ株式会社カオナビ☆☆☆☆☆★★★★★★★★★★3.81644件リストに追加月1,760円で研修が受け放題ユーキャンのビジトレホーダイ株式会社ユーキャン☆☆☆☆☆★★★★★★★★★★0.00件リストに追加manebi eラーニング株式会社manebi☆☆☆☆☆★★★★★★★★★★0.00件リストに追加ITERACY株式会社エス･ジー☆☆☆☆☆★★★★★★★★★★5.01件リストに追加 Cloud Campus株式会社サイバー大学☆☆☆☆☆★★★★★★★★★★4.048件リストに追加SmartHR株式会社SmartHR☆☆☆☆☆★★★★★★★★★★4.31694件リストに追加e学びばこ株式会社テクノカルチャー☆☆☆☆☆★★★★★★★★★★3.01件リストに追加カテゴリー資料請求ランキング11月03日(月)更新研修/自律学習対応のeラーニングシステムSchoo for Business株式会社Schoo1名から使える eラーニングシステムetudes（エチュード）アルー株式会社【eラーニングや集合研修で 効果的な学習管理へ】カオナビ株式会社カオナビ４位以下のランキングはこちら関連する新着記事法人対応の無料eラーニングシステムを比較｜利用人数・機能を比較【最新ランキング】eラーニングシステム19選をタイプ別に比較！おすすめの選び方や機能も紹介LMS（学習管理システム）の選び方とは？機能一覧やおすすめ製品も紹介製造業向けeラーニングシステムを比較！選び方や導入メリットも解説eラーニングの運用で効果を上げる方法は？事例も紹介！大企業向けeラーニングシステム７選！自社に最適な選び方も紹介LMSとは？学習管理システムの機能・導入方法を解説eラーニングを始めるなら必見！おすすめプラットフォームの選び方と比較ポイント【2025年最新】eラーニングを作成するには？自作方法とおすすめの作成ツール・サービスを紹介自治体向けeラーニングを徹底解説！導入メリットや選び方、おすすめシステムを紹介ITトレンドについてITトレンドとはご利用規約レビューガイドライン編集ポリシープライバシーポリシークッキーポリシー運営会社サイトマップお問い合わせIT製品を探す製品を探すランキングから探す専門家一覧よく検索されるキーワードIT製品を知る用語集IT製品を掲載するITトレンドへの掲載動画でリード獲得イベントでリード獲得関連サービス・サイトList FinderUrumo!bizplaySales DocCopyright (C) 2025 IT Trend All Rights Reserved."
2,pro-seeds.com,派遣社員のキャリアアップ教育訓練専用eラーニングシステム 派遣の ...,https://www.pro-seeds.com/haken/,派遣の学校は、派遣社員のリスキリング・DX人材の育成、派遣法改正によるキャリアアップ教育訓練に特化したeラーニングサービスです。事務、ITエンジニア、電気電子・ ...,"労働者派遣事業報告書を自動集計！ 担当者様の作業時間を3分の1に軽減！ 派遣社員教育に特化した eラーニングサービス 無料3分でわかる資料ダウンロード 無料お問い合わせ --> 労働者派遣事業報告書を自動集計！ 担当者様の作業時間を3分の1に 軽減！ 派遣社員教育に特化した eラーニングサービス 無料3分でわかる資料ダウンロード 無料お問い合わせ --> リスキリングRESKILLING 求められる「専門職種の教育」と「デジタル人材の教育」 リスキリングとは、英語の「reskilling」の読みで、DX時代に対応した、社内の人材育成戦略のことを指します。経済産業省では、『すべてのビジネスパーソンに求められるデジタルリテラシーと専門的なデジタル知識の学習機会の提供と共に、組織においてDXの活動を牽引し、新たな付加価値の創造/業務効率化を実現できる実践的なDX推進人材の育成』とされています。派遣先に求められる人材を派遣するため、派遣会社様が派遣社員へのリスキリング・DX人材育成で解決を試みています。派遣の学校では、「専門職種の教育」と「デジタル人材の教育」の2つの軸で、派遣社員のリスキリングをサポートいたします。 --> おかげさまで300社！派遣の学校が選ばれる理由

派遣社員が受けたくなる講座を配信

無料お問い合わせ

お問い合わせ、資料請求はお気軽にどうぞ！

オンラインレッスンが2030以上！

高品質で、専門性の高い多職種対応だから、 修了率80％以上を達成

講座一覧をみる

派遣の学校はキャリアアップ教育訓練の計画書を無料で作成します！

労働局から提出が義務化されている、「キャリアアップ教育訓練の計画書」作成のアドバイスを一社一社行っています。派遣社員のレベル、年数に合わせた、教育カリキュラムのご相談承ります。

無料3分でわかる資料ダウンロード

無料お問い合わせ

派遣会社の声を聞いて開発した機能

様々な企業、多くの派遣社員を一括管理したい。

時間・費用も削減しながら、効果・効率の良い教育訓練を提供したい。

派遣法で義務化されている報告書の提出を楽にしたい。

改正派遣法に対応した教育訓練を効率よく提供したい。

派遣社員の学習のモチベーションを上げたい。

派遣社員一人一人に合った職種別に専門性の高いeラーニング教材を提供したい。

離職率の低い派遣社員を育成したい。

派遣社員が心地よく働けるようサポートしたい。

派遣の学校の機能は、派遣教育訓練の最適化を目指して開発されました。

機能詳細をみる

導入事例CASE STUDY

利用者の声を反映した、教育研修を提供していきたい

「事務職未経験だけど、社員として頑張ってみたい」そんな若者をしっかりと育てたい

「パソナジョイナスで働いて良かった」と思ってもらえるキャリアアップ教育訓練を提供したい

お問い合わせ、資料請求は下記からお気軽にどうぞ！

無料3分でわかる資料ダウンロード

無料お問い合わせ

他サービスとの比較COMPARISON

派遣の学校は、システム機能の充実と講座の品質が強みのサービスです。

他の派遣会社との差別化として、スキルアップのための良質な支援があることをアピールできます。

新着情報NEWS

NEW【2023/5/1】 6/15「外国人労働者を雇用して派遣するときの注意点やポイント解説！共催セミナー」を実施します。

NEW【2023/4/1】 5/18「派遣会社の人事労務管理お役立ちセミナー」に登壇します。

BLOG派遣の学校ブログ

おすすめ 年8時間の派遣社員のキャリアアップ教育訓練とは？

おすすめ 一般労働者派遣事業許可を取得するためのポイント

おすすめ 人材派遣で起業したい！要件やより良い事業者を目指すためのポイントをご紹介

記事一覧をみる

お問い合わせ、資料請求は下記からお気軽にどうぞ！

無料3分でわかる資料ダウンロード 無料お問い合わせ

無料3分でわかる資料ダウンロード

無料お問い合わせ

&copy; Proseeds Co., Ltd.

雇用調整助成金 対応コース

IT導入補助金2020申請受付中！

お問い合わせ(資料請求・デモID発行)

06-6190-6276"
3,onamae.com,派遣社員向けeラーニングシステムおすすめ10選を比較！改正派遣法 ...,https://www.onamae.com/business/article/28359/,派遣社員の教育向けのeラーニングには、時間や場所にとらわれず学習できる・教育コストを削減できる・均一レベルの教育を実施できるといったメリットがあります。一方で ...,""
4,crosslink.jp.net,製造・物流系の派遣社員向けeラーニング『クロスラーニング ...,https://crosslink.jp.net/crosslearning/,クロスラーニングは、製造・物流に特化したeラーニングサービスです。 キャリアアップ教育訓練を、場所を選ばずに受講ができ、ネット上で受講管理ができるシステムです。,"製造・物流系の派遣社員向けeラーニング『クロスラーニング』 | キャリアアップ教育訓練ならクロスラーニング お申込みはこちら 派遣の学校はコチラ お問い合わせはコチラ 資料請求はコチラ

お問い合わせはコチラ

お知らせ

2025.10.16 講座リリース 外国人スタッフ向け新講座リリース：「日本の職場でのNG行動」

2024.12.3 お知らせ 2024年度年末年始休業のお知らせ

2024.7.24 お知らせ 【クロスラーニング】請求書の郵送廃止のお知らせ

製造業界・物流業界・海外人材教育において学んで、活かせる、確かな研修を。

真のキャリアアップに繋がるオンライン教育

クロスラーニングとは

現場で実際の教育に関わる皆様の声を聞いて⽣まれたオンライン教育サービス

クロスラーニングは、製造・物流に特化したeラーニングサービスです。 キャリアアップ教育訓練を、場所を選ばずに受講ができ、ネット上で受講管理ができるシステムです。 また、⾃社オリジナル講座の制作もできるので、社内研修にもお使いいただけます。

講座選び放題

クロスラーニングに搭載されている、専⾨的な講座・外国語対応講座のすべてが追加料⾦なしで選び放題となっています。料⾦に制限されることなく、派遣社員に必要な学習をしていただくことにより、本当のキャリアアップができると考えています。

オリジナル講座制作

クロスラーニングでは、オリジナル講座制作およびお客様専⽤eラーニングサイトへの搭載を⾏っています。ヒアリングを元に、お客様のご要望に沿うような制作のご提案をさせていただきます。⾃社の研修講座や既存講座にない講座など、さまざまな制作に対応しています。

システム運⽤代⾏サービス

受講者の登録・受講者への周知など導⼊時のサポートはもちろんのこと、未受講者へのリマインドメール・受講結果の集計まで、ご担当者様のお⼿間をとらせることなく運⽤ができるよう、サポートいたします。

講座

製造系・物流系に特化した教材ラインナップをご用意

ものづくり教育プログラム

「ものをつくる」に当たって必要な心構えや考え方の知識を身につけることができる内容です。本講座では心構えや考え方のうち、「ものづくりの価値」「安全」「品質」について学びます。

製造のプロを目指す人のための自動車製造Ⅰ

ボデーライン・エンジン工程について、1工程ずつ細かく説明しています。また、自動車工場で活躍するためには何が必要なのか、というのも説明しており、キャリアアップに繋がる講座となっております。

部下指導マネジメント講座

部下を育成し、成果を挙げてもらうには、部下とのコミュニケーションがとても大切です。この講座ではコミュニケーション時に気を付けるべき点（例えば「最終的な仕事のイメージだけではなく、手段やプロセスも共有する」など）を学びます。

導入企業

派遣スタッフに会うために社長自らが派遣先へ訪問

フジアルテ株式会社 様

スタッフの定着やキャリアアップに繋がったと感じています！

東洋ワーク株式会社 様

受講率95％達成！受講者からの反響にも驚きました

株式会社ラムダ 様

スタッフの自ら学ぶ姿勢が芽生えました！

株式会社グロップ 様

業務工数がかなり削減できました！

ワークサービス株式会社 様

料金

利⽤期間で選べ、シンプルでわかりやすい料⾦プラン

集合研修よりコストを抑えた運⽤へ

料⾦プランやオプションがたくさんあり、悩んでしまった経験はないでしょうか。 クロスラーニングでは、料⾦形態はわかりやすくひとつのみとしており、まさにプレミアムという名前に相応しいプラン内容となっております。 ご利⽤される期間よりお選びください。

お問い合わせ・資料請求

クロスラーニングのご相談、ご質問はお電話またはフォームからお気軽にお問い合わせくださいませ。

資料請求、お問い合わせをいただきました方へ、無料体験も実施しております。

tel.045-620-5088

クロスラーニングのビジョン

クロスラーニングの特長

オリジナル講座制作

システム運⽤代⾏

ご利⽤の流れ

お客様の声

教育訓練カリキュラム案

人気講座ラインナップ

外国語対応講座

ステップアップ講座

オンライン相談窓⼝

運⽤会社

多職種対応向けeラーニング|派遣の学校

クロスラーニングジャパン

スタートエンジニア"
5,jassa.or.jp,JASSAキャリアカレッジ | 一般社団法人日本人材派遣協会,https://www.jassa.or.jp/service/career_college/,... 派遣社員）に対して提供する通信教育eラーニング ... eラーニングをご覧になれない会員派遣会社の派遣社員の方には、教育コンテンツPDF ...,"JASSAキャリアカレッジ | 一般社団法人日本人材派遣協会 メニュー閉じる人材派遣を知るデータ

しくみと法律

派遣という働き方

派遣先のみなさまへ

資料室

セミナー 夢を実現するワーク&ライフキャリア～派遣社員のためのキャリア形成支援プログラム～

キャリアカウンセリング・スキルアップセミナー

メンタルヘルス推進担当者養成講座

派遣元責任者講習

会員サービスJASSAキャリアカレッジ

JASSAリーガルテスト

自社用賃金テーブル作成シミュレーター

【動画】スキマdeサクッと相談事例

労働関係法令セミナー

労働関係法令セミナー

入会のご案内

会員派遣会社検索

協会情報会長メッセージ

協会のご案内

協会憲章・行動基準

沿革

JASSA Newsletter

eラーニングシステム「JASSAキャリアカレッジ」とは

JASSAキャリアカレッジは、平成27年9月30日施行の改正労働者派遣法にある「キャリア形成支援制度」の中で、全ての派遣労働者を対象として教育訓練の機会を提供することが義務付けられたことに対応し、対象となる派遣労働者に適切に教育研修の機会提供を行うことを支援するために、JASSAが会員企業（その派遣元から就業している派遣社員）に対して提供する通信教育eラーニングサービスです。

JASSAキャリアカレッジ サービス紹介

サービスの概要、ご利用の流れ、管理者画面でできること、派遣社員受講画面、ご利用料金について、ご紹介しています。

上記のPDF資料のダウンロード用URLをお送りいたします。

左記のPDF資料のダウンロード用URLをお送りいたします。

eラーニングシステム「JASSAキャリアカレッジ」の概要

全体サービス像

JASSAキャリアカレッジの特徴・メリット

01受講できるコンテンツは2,000以上。教育コンテンツ一覧表（9月24日更新版）

02事業所・部署など組織ごとに派遣社員の受講状況を管理可能。

03派遣社員が自分でコンテンツを選択して受講可能。

04集合研修など、eラーニング以外の研修も管理可能。

05当日開始の受講設定可能。

06料金は、管理者および派遣社員1ID1ヶ月あたり税込110円。（管理者1ID分は無料）

教育コンテンツPDF版の提供

eラーニングをご覧になれない会員派遣会社の派遣社員の方には、教育コンテンツPDF版をご提供いたします。当協会ホームページ「会員ページ」からお申込みいただくと、無料で教育コンテンツPDF版をお送りいたします。会員派遣会社の派遣社員の方は教育コンテンツを紙媒体で受講することができます。

JASSAキャリアカレッジ ご利用の流れ

STEP 1

当協会会員

STEP 2

JASSAキャリアカレッジ申込み

STEP 3

ID・パスワード発行

STEP 4

ご利用開始

&nbsp;

データ

しくみと法律

派遣という働き方

派遣先のみなさまへ

資料室

夢を実現するワーク&ライフキャリア～派遣社員のためのキャリア形成支援プログラム～

キャリアカウンセリング・スキルアップセミナー

メンタルヘルス推進担当者養成講座

派遣元責任者講習

JASSAキャリアカレッジ

JASSAリーガルテスト

自社用賃金テーブル作成シミュレーター

【動画】スキマdeサクッと相談事例

労働関係法令セミナー

会長メッセージ

協会のご案内

協会憲章・行動基準

沿革

JASSA Newsletter

お問い合わせ

関連リンク集

個人情報保護方針"
6,haken-no-mikata.com,派遣教育訓練のeラーニング研修【派遣のミカタ】,https://haken-no-mikata.com/,派遣会社のキャリアアップ教育訓練に特化したeラーニングシステム「派遣のミカタ」です。研修環境を月額19800円～と業界最安値で実現。1600社以上の導入実績。,"導入企業1,600社

継続率99%

月額費用19,800円

無料体験してみる

資料ダウンロード

導入企業数1,600社以上突破!

キャリアアップ教育訓練の運用がどこよりも簡単に

01

3ヵ年の学習計画の作成がたったの3分！

02

毎年の事業報告書の作成が、たったの3分！

03

必要な初期設定が、たったの3ステップ！

派遣のミカタとは？

派遣社員向け eラーニングシステムです。派遣事業で必須の派遣社員への教育訓練から、事業報告書作成までまるごとご活用いただけます。

派遣のミカタが選ばれる理由

1600社導入の安心と実績

派遣のミカタは1600以上の企業にご利用いただいております。派遣社員のキャリアアップ教育の準備から、事業報告書の自動作成、学習データの管理まであらゆる悩みを派遣のミカタで解消いたします。

労働局対策にこれひとつで◎無料でお試し！

派遣事業で不可欠なキャリアアップ教育や教育訓練の実施はこれひとつでOK。教育から教育状況管理、報告までをご支援いたします。

働く人のミカタに

e-ラーニングによる教育により、スタッフの評価に繋がり働き方の幅が広がります。その人の頑張りやチャレンジを応援できるようにサポートしています。

内勤社員教育にも使えて一石二鳥

5300レッスンの中には自社社員様の教育にも活用いただける教材が揃っております。自社の新入社員から管理職まで学習できるため企業の成長をサポートします。

派遣のミカタの特徴

①事業報告書が直接ダウンロード可能

厚生労働省へ報告する受講記録を細かく管理でき、CSVデータでダウンロードすることができます。厚生労働省発表の最新情報を常にチェックし、何をどこまで管理するのかを俊敏に対応しています。

②８時間の教育訓練に応じたカリキュラムをご用意

派遣のミカタでは、教育訓練に応じたカリキュラムを、業界・職種ごとに20種類ご用意しております。労働局に問われる内容が網羅されており、すぐにキャリアアップ教育をスタートいただけます。

③5300レッスン以上/外国語対応も充実！

業界最大級の約5300レッスンの教材を取り揃えております。幅広いカテゴリーで製造業・物流業から事務職・技術職まで網羅したキャリア・スキルアップ基本教材を配信しております。英語、ポルトガル語、ベトナム語、中国語に対応した教材も取り揃えております！

④メールの自動配信機能

派遣のミカタではスタッフの受講状況に応じて受講促進メールを自動で送信することが可能です。送信時間設定で手間や時間をかけずにベストなタイミングで送信可能！受講促進した記録も残るため労働局対策もバッチリ◎

⑤ユーザーの登録・管理もスムーズ！

派遣のミカタであればユーザーの登録はcsvファイルによって一括で登録できます。また、受講状況の進捗管理・催促や受講期間や時間の設定も出来る為、管理者様の負担を軽減することができます。

導入事例

派遣のミカタで多様な人材育成を実現、社内の取り組み連携も容易に

会社名：株式会社みらいワークス

【事例】急成長企業が選んだ「派遣のミカタ」 多国籍スタッフ教育の成功事例｜派遣のミカタ

会社名：株式会社ＧＬＷ

設立：2022年1月 事業内容：輸送機器業界向け技術サービス業／輸送機器業界向けコンサルティング事業／輸送機器業界向け技術者派遣事業 従業員数：81名

【事例】eラーニングを活用し、派遣スタッフの教育体制を確立

会社名：SBSスタッフ株式会社

設立：1997年6月

事業内容：労働者派遣事業・有料職業紹介事業・BPO(ビジネスプロセスアウトソーシング)事業・業務請負業・総合人材サービス事業・人材ポータルサイトの運営

導入目的：改正派遣法のキャリアアップ教育訓練義務化への対応

すべて見る

セミナー / イベント

2025年6月10日(火) 11:00-11:30

【オンライン無料】事業報告書の書き方と教育訓練の効果的な進め方

場所：オンライン開催（Zoom）

テーマ：事業報告書の書き方講座

対象者：派遣業関連会社にお勤めの方

詳細

すべて見る

お客様の声

主な領域：事務・製造・接客・IT

登録者数30,000名

現在、スタッフ約30,000人を管理していることを感じさせません。使いやすいことが一番です。

主な領域：サービス業

登録者数300名

毎月新しい教材が入荷されているので教材に飽きることがなく継続的に利用することができています。

主な領域：事務職

派遣スタッフはこれから募集

派遣事業を立ち上げる際に労働局へ教育計画書を提出しなければならず困っていました。派遣のミカタでは職種に応じて教育計画が作成できて助かりました！

主な領域：製造業

登録者数 200名

製造業では外国人スタッフが多く在籍しているので翻訳された教材は非常に重宝しています。

主な領域：清掃・産廃・施設監視

登録者数50名

派遣先職種がニッチで教材がないと諦めていましたが、仕事内容をヒアリングしカリキュラムを設定してくれました。キャリアアップに資する理由が書いてあるので労働局の立ち入り監査も問題ありませんでした。

主な領域：介護・保育

登録者数：30名

介護や保育といった専門的な教材を探していました。基礎から実践で使える教材までがそろっているのでありがたいです。

主な領域：接客・販売

登録者数20名

研修者の少ない月は自社の社員教育に活用しています！派遣法や営業スキル向上につながる教材があるので学習してもらっています。

ご利用の流れ

よくある質問

まずは、無料でお試ししてみませんか？

株式会社manebi（マネビ）〒163-0218 東京都新宿区西新宿二丁目6番1号 新宿住友ビル18F"
7,saas.imitsu.jp,派遣社員向けeラーニングシステムおすすめ5選！教育訓練に最適 ...,https://saas.imitsu.jp/cate-elearning/article/l-1231,2025/09/25 ... eラーニングシステムを使えば、派遣社員に対して場所や時間を選ばずに研修を実施することが可能です。派遣社員は、インターネット環境があればPC・スマホ ...,""
8,tempstaff.co.jp,無料eラーニングL-TEMP 講座一覧｜派遣の求人検索・人材派遣会社 ...,https://www.tempstaff.co.jp/career-support/l-temp/list.html,無料eラーニングL-TEMPの講座一覧をご紹介。派遣会社のテンプスタッフの無料eラーニング「L-TEMP」の開設講座を一覧でご紹介します。,"派遣 テンプスタッフ

キャリアサポート・研修

無料eラーニングL-TEMP 講座一覧

OAスキル

就業の基礎知識

テレワーク

ビジネススキル

IT／DX

語学

専門スキル

キャリア

就職・転職支援

OAスキル

PC入門

【Windows基礎】基本操作

【Windows基礎】ファイル管理

Outlook（Outlook 2019／2016／Outlook365対応）

【Outlook基礎】電子メール

【Outlook基礎】メール・予定・タスク管理

Word（Word2019／2016／Word365対応）

【Word基礎】基本操作

【Word基礎】文書作成

【Word基礎】表作成

【Word応用】差し込み印刷

【Word応用】図表や画像を使った文書作成

【Word応用】A4一枚の文書作成（スタイル・Excelデータの活用）

【Word応用】長文作成（表紙・目次・文章校正）

【Word応用】文書の共有（変更履歴・パスワード設定）

Excel（Excel 2019／2016／Excel 365対応）

【Excel基礎】基本操作

【Excel基礎】 数式と表編集

【Excel基礎】グラフ基礎

【Excel応用】関数1（SUMIF・COUNTIF・DSUM）

【Excel応用】関数2（IF・VLOOKUP・ROUNDDOWN・PHONETIC・TODAY、DATEDIF）

【Excel応用】データベース1（テーブル機能と並べ替え）

【Excel応用】データベース2（データの抽出）

【Excel応用】ピボットテーブル基礎

【Excel応用】ピボットテーブルを使った分析

【Excel応用】長い表の印刷と画面操作・ブック管理

【Excel応用】シート・ブック間の編集と集計

【Excel応用】マクロ

OAセルフ学習セット

【基礎スキル習得編】【Excel基礎】練習問題

【基礎スキル習得編】【Word基礎】練習問題

【基礎スキル習得編】【Outlook基礎】練習問題

【応用スキル習得編】【Excel IF関数】 基礎 練習問題

【応用スキル習得編】【Excel IF関数】応用 練習問題

【応用スキル習得編】【Excel VLOOKUP関数】 基礎 練習問題

【応用スキル習得編】【Excel VLOOKUP関数】 応用 練習問題

【応用スキル習得編】【Excel ピボットテーブル】 基礎 練習問題

【応用スキル習得編】【Excel ピボットテーブル】応用 練習問題

PowerPoint（PowerPoint 2019／2016／PowerPoint365対応）

【PowerPoint基礎】基本操作

【PowerPoint基礎】プレゼンテーションの作成

【PowerPoint基礎】スライド編集

【PowerPoint基礎】スライドショー

【PowerPoint応用】伝わる資料作成術1

【PowerPoint応用】伝わる資料作成術2

【PowerPoint応用】伝わる資料作成術3

Access（Access 2019／2016／Access365対応）

【Access基礎】基本操作

【Access基礎】データの入力と抽出

【Access基礎】データベースとテーブルの作成

【Access基礎】フォーム作成

【Access基礎】レポート作成

【Access基礎】クエリ作成

【Access応用】リレーションシップ

【Access応用】クエリ応用1（レコードの抽出）

【Access応用】クエリ応用2（レコードの集計）

【Access応用】クエリ応用3（アクションクエリ）

【Access応用】フォーム活用

【Access応用】レポート活用

【Access応用】マクロ

Power BI

【Power BI基礎】Excelファイルに基づいたデータ分析

Illustrator（イラストレーター）

【Illustrator入門】基本

【Illustrator入門】シェイプとオブジェクト

【Illustrator入門】テキスト・画像・さまざまな書き出し

Photoshop（フォトショップ）

【Photoshop入門】基本操作

【Photoshop入門】画像処理

【Photoshop入門】レイヤー・選択範囲

【Photoshop入門】デジタル画像基礎知識・ペイント・バックアップ・グラデーション

その他

モダンExcel理解講座～操作実演でPower Query、Power Pivot、ダッシュボードを理解する

就業の基礎知識

就業にあたってのお願い：SNS利用・PC取り扱いの注意点

在宅勤務にあたってのお願い：在宅勤務リテラシー講座

情報保護研修 基本

情報保護研修 基本＋電気通信業界

情報保護研修 基本＋金融業界

情報保護研修 基本＋研究開発・製薬業界

派遣の基礎知識 労働者派遣法改正のポイント

テレワーク

テレワーク時のはたらき方の基本

テレワークでの仕事の進め方研修

オンライン会議ツール（Zoom）の基本活用

在宅勤務リテラシー講座

リモートワークスキルアップ研修

ビジネススキル

基礎スキル

【すぐ学習できる】ビジネスマナー第一印象の重要性・電話応対

仕事に役立つビジネスマナー

仕事で使える 電話応対

今さらきけない ビジネス敬語

分かりやすいビジネスeメールの作り方

職場のマナーと守るべきルール

事務スタッフの役割と心構え

仕事に取り組む基本マナー（指示の受け方）

仕事に取り組む基本マナー（報告の仕方）

考えるスキル

やさしいロジカルトレーニング

ロジカルシンキング

ロジカルライティング

課題解決のためのラテラルシンキング講座

3分でわかるビジネスキーワード マーケティング編

コミュニケーションスキル

コミュニケーション上手な会話のコツ

仕事がデキる人の伝え方

分かりやすい説明の仕方研修

仕事力を高める 質問スキル

アニメで学ぶ窓口応対講座

ダラダラ会議をなくす！4つのスキルで学ぶファシリテーション講座

【課題解決力を高める】1.ファシリテーション 2.コンフリクト・マネジメント

実行するスキル

サクサク片付く仕事整理術

タイムマネジメントの重要性

業務改善におけるPDCAサイクル①

業務改善におけるPDCAサイクル②

チームビルディング

オペレーションミス防止講座

【セルフマネジメント力を高める】1.弱みを “能力化”する 2.戦国武将たちに学ぶ

上手な引継ぎ・マニュアルの作り方

【業務処理能力を高める】1.業務マニュアルの活用 2.情報力を高める10の方法

【課題解決力を高める】1.ビジネス法則に学ぶ① 2.ビジネス法則に学ぶ②

はじめてのOJT研修～指導における不安を解消し、自信を持って新人・後輩指導を行う

リーダーシップ講座～役割に応じたスタイル“リーダーシップの4類型”とは

その他

【ビジネス】サステナビリティ経営とSDGs入門

IT／DX

ChatGPT×Excel講座～知識ゼロからマクロを作る

ChatGPTリテラシー講座～リスクとテクニックを知り、安全に活用する

ChatGPTプロンプトエンジニアリング講座～使いこなすための応用手法を学ぶ

デジタル時代の「What」を学ぶ～データによって判断する／情報活用編

Googleアナリティクス4（GA4）の使い方講座

はじめてのMicrosoft Forms講座

はじめてのMicrosoft Teams講座

語学

英会話

オフィス英会話（自己紹介・挨拶・来客応対）

ビジネス英語電話応対（取次ぎ・不在時対応）

感じよく伝える 英語の敬語

初対面での会話の始め方・続け方

英文

英文eメール 基本

英文eメール 実践

専門スキル

CAD

【AutoCAD入門】1.基本操作

【AutoCAD入門】2.数値の指定・オブジェクト選択・作成コマンド

【AutoCAD入門】3. オブジェクトスナップ・修正コマンド

【AutoCAD応用】基本を復習！AutoCADのレイアウト印刷

【AutoCAD応用】ウェブセミナーブロックの基本

【AutoCAD応用】ウェブセミナーブロックの応用

【AutoCAD応用】ウェブセミナーダイナミックブロック

【AutoCAD応用】ウェブセミナー効率のよい作図方法

【AutoCAD応用】ウェブセミナー画層の便利な機能

【AutoCAD応用】ウェブセミナー新機能

【AutoCAD応用】ウェブセミナー表オブジェクト

【AutoCAD応用】ウェブセミナー外部参照

【AutoCAD応用】ウェブセミナー異尺度対応

【設備CAD】設備CAD研修（Tfas・Rebro）

【設備CAD】設備の知識

【BIM】ウェブセミナーBIMを知ってみよう ～Revit～

【CIM】ウェブセミナーCIMを知ろう

【CIM】BIM／CIMとは

貿易

貿易取引のしくみと流れ 前編

貿易取引のしくみと流れ 後編

貿易実務基礎（入門）

経理

経理の基礎 基礎編

経理の基礎 日次業務編

経理の基礎 月次業務編

経理の基礎 年次業務編

研究開発

研究開発・実験の基本 知っておくべき重要ポイント

研究開発の現場を知る

研究開発の現場を知る②

基礎から学ぶ研究開発・実験：これで安心！ピペット操作の基本とコツ

基礎から学ぶ研究開発・実験：失敗しない！ガラス器具の取り扱い方

基礎から学ぶ研究開発・実験：実験がはかどる！作業台の使い方

基礎から学ぶ研究開発・実験：これで安心！測定機器の使い方

バイオ実験の基礎を学ぶ

HPLCの基礎を学ぶ

HPLC分析の準備

LC-MSの基礎を学ぶ

キャリア

キャリアデザイン研修

就職・転職支援

キャリアプラン

キャリアコンサルタントから学ぶ将来に向けたキャリア

復職＆子育て両立テクニック

就職対策

面接前のおさらいポイント

書類作成講座 履歴書・職務経歴書作成

英語面接対策（インタビュー対策）

英文職務経歴書・レジュメの作り方

職場見学について

無料eラーニングL-TEMPについて

詳細・お申し込み

ログイン画面

操作イメージ

よくあるご質問

登録して仕事の相談をする（無料）

登録して仕事の相談をする（無料）

派遣 テンプスタッフ

キャリアサポート・研修

無料eラーニングL-TEMP 講座一覧

仕事を探す仕事を探す トップ

求人検索 ジョブチェキ

テンプスタッフを知るテンプスタッフを知る トップ

テンプスタッフが選ばれる理由

テンプアプリについて

MYページでできること

スタッフインタビュー

派遣がはじめての方

派遣登録から就業までの流れ

面談付き登録のメリット

お友達紹介

はたらき方を選ぶはたらき方を選ぶ トップ

派遣ではたらく

紹介予定派遣ではたらく

受託業務スタッフではたらく

正社員・契約社員ではたらく

はたらき方特集

職種から選ぶ

業界から選ぶ

はたらき方タイプ診断

福利厚生福利厚生 トップ

社会保険

休暇制度

ヘルスケア

優待サービス

キャリアサポート・研修 キャリアサポート・研修 トップ

自宅で好きなときに学べる

講師からみんなと学べる

専門知識を身に付けてキャリアアップ 専門知識を身に付けてキャリアアップ トップ

金融

貿易

CAD

研究開発・臨床開発

RPA

その他

キャリアアドバイザー

その他サポート キャリア・コンサルティング

資格取得お祝い金

パソコン割引サービス

提携校

日本マイクロソフトのデジタル人材育成プログラム

教育訓練計画概要

テンプスタッフのキャリア支援

特定商取引に基づく表記

よくあるご質問

お役立ち情報

お知らせ

MYページ

企業のご担当の方

会社案内

採用情報

サイトマップ

お問い合わせ

パーソルホールディングス

パーソルテンプスタッフ

パーソルビジネスプロセスデザイン

パーソルクロステクノロジー

パーソルキャリア

パーソルイノベーション

パーソル総合研究所

テンプスタッフ

ジョブチェキ

ファンタブル

フレキシブルキャリア

Chall-edge

パーソルクロステクノロジー

doda

エグゼクティブエージェント

BRS

ミイダス

dodaチャレンジ

doda X

U_29

lotsful

シェアフル

ミラトレ

NeuroDrive

HiPro

パーソルのRPA

ワークスイッチコンサルティング

HITO-Manager

MITERAS

ポスタス

Reskilling Camp

アルバイトネクスト

ラクラス

サイトのご利用にあたって

プライバシーポリシー

パーソナルデータ指針

ページトップへ戻る"
9,uts-navi.com,派遣会社に特化したeラーニングサービス 派遣の学校,https://www.uts-navi.com/hakenschool/,改正派遣法で義務化されたキャリアアップ教育訓練では、フルタイムで働く派遣社員に年間8時間の教育訓練を行うことを定めています。「派遣の学校」は、派遣教育訓練に ...,抽出不可
10,kubota-staff.co.jp,eラーニング スタート画面｜派遣社員の皆様へ｜株式会社クボタ ...,https://www.kubota-staff.co.jp/staff/start.html,初めてeラーニングを受講いただくには、スタッフ個人のご登録が必要になります。 下のスタートボタンから入り、企業IDとパスワードを入力し、ログインボタンをクリック ...,"ホーム

会社概要

（株）クボタHPへ

初めてeラーニングを受講いただくには、スタッフ個人のご登録が必要になります。 下のスタートボタンから入り、企業IDとパスワードを入力し、ログインボタンをクリックしてください。 IDとパスワードは、別途配付したマニュアル「eラーニング研修 登録方法について」に記載があります。 ご不明の場合は、営業担当までご連絡ください。

-->

ページの先頭へ

個人情報保護方針

人材派遣事業行動指針

お問い合わせ

サイトマップ"